id,name,phone,address,description,files,department,urgency,status,date_submitted,submitted_by
7ace6c37,Ajay,9600309140,"123 Oak Avenue, Boston, MA 02115","Here are sample data inputs for submitting a new petition through the system:
Sample Petition #1: Education Department
Full Name: John Smith
Phone Number: +1-555-123-4567
Address: 123 Oak Avenue, Boston, MA 02115
Petition Description:
Our local school, Washington Elementary, has been experiencing severe shortages of qualified teachers for mathematics and science subjects. Many classes are being taught by substitute teachers who lack proper certification in these fields. This has resulted in declining test scores and student engagement. We need immediate intervention to ensure our children receive quality education in these critical subjects. The school administration has acknowledged the issue but claims budget constraints prevent them from hiring adequately qualified staff.",,Water,High,In Progress,2025-03-13 07:26:50,test_user
28ed6e15,Ajay Karthik,9600309140,"7th Cross Rd, Teacher's Colony, Jakkasandra","Our school, Lincoln High School, is experiencing a severe shortage of qualified science teachers. Students are falling behind in their coursework, especially in chemistry and physics. We've raised this issue with the principal multiple times over the past 3 months, but no action has been taken due to budget constraints. We request immediate intervention to ensure our children receive adequate education in these critical subjects before the upcoming standardized tests.",,Education,Normal,Resolved,2025-03-13 07:33:15,test_user
0590b138,Kishore S A,7010942516,"Karumathampatti,coiambatore",in our street elachipalyalam there are no proper road strucutures causing major accidents so please do check the roads ND CONSTRUCT GOOD ROADS,,Transport,Normal,Resolved,2025-03-13 10:30:40,test_user
52bbab04,surendar,123214235,cbe,NO proper good water supply in our area ,,Housing,Normal,Resolved,2025-03-13 10:37:28,test_user
d802804a,Eeswaran,9500842184,kph cbe,Garbage overflow in our area causing stinky smell and diseases,,Transport,Normal,Resolved,2025-03-13 16:37:29,test_user
d8a62ef0,Eswaran  H,9500842184,"m47,old tnhb,Attur,Salem",no proper school in our area,,Education,Normal,Resolved,2025-03-16 23:49:51,test_user
20e97e23,madhan j,8834552265,Namakkal,no water flow in our area,,Water,Normal,Resolved,2025-03-16 23:55:28,test_user
8a81a003,Kishore,78979879,fdgfdghcn,No Proper schools in interior of our city,uploads/8a81a003_Responsive Registration Form in HTML & CSS.jpg,Education,Normal,In Progress,2025-03-28 10:39:26,test_user
5acb8b02,kishore,7238268,shjc h&j,no proper schools in our area,uploads/5acb8b02_Screenshot 2025-03-28 at 11.46.33 AM.png,Education,Normal,Resolved,2025-03-28 11:47:10,test_user
